{"file":"mo.png","frames":{
"mo2":{"x":1,"y":95,"w":81,"h":101,"offX":0,"offY":0,"sourceW":81,"sourceH":101},
"mo3":{"x":84,"y":95,"w":80,"h":102,"offX":0,"offY":0,"sourceW":80,"sourceH":102},
"mo1":{"x":166,"y":95,"w":80,"h":102,"offX":0,"offY":0,"sourceW":80,"sourceH":102},
"item_back":{"x":391,"y":110,"w":57,"h":55,"offX":0,"offY":0,"sourceW":57,"sourceH":55},
"blood":{"x":1,"y":214,"w":128,"h":12,"offX":0,"offY":0,"sourceW":128,"sourceH":12},
"item2":{"x":350,"y":183,"w":30,"h":33,"offX":0,"offY":0,"sourceW":30,"sourceH":33},
"item0":{"x":133,"y":199,"w":40,"h":40,"offX":0,"offY":0,"sourceW":40,"sourceH":40},
"item3":{"x":450,"y":110,"w":60,"h":38,"offX":0,"offY":0,"sourceW":60,"sourceH":38},
"item1":{"x":248,"y":182,"w":55,"h":34,"offX":0,"offY":0,"sourceW":55,"sourceH":34},
"head_back":{"x":1,"y":1,"w":279,"h":92,"offX":0,"offY":0,"sourceW":279,"sourceH":92},
"energy":{"x":1,"y":199,"w":130,"h":13,"offX":1,"offY":0,"sourceW":134,"sourceH":17},
"rank":{"x":320,"y":110,"w":69,"h":71,"offX":0,"offY":0,"sourceW":69,"sourceH":71},
"continueBtn":{"x":450,"y":150,"w":43,"h":44,"offX":0,"offY":0,"sourceW":43,"sourceH":44},
"continueBtn2":{"x":391,"y":167,"w":43,"h":44,"offX":0,"offY":0,"sourceW":43,"sourceH":44},
"bg2":{"x":282,"y":1,"w":216,"h":107,"offX":0,"offY":0,"sourceW":216,"sourceH":107},
"cancelBtn":{"x":305,"y":183,"w":43,"h":43,"offX":0,"offY":0,"sourceW":43,"sourceH":43},
"wei":{"x":248,"y":110,"w":70,"h":70,"offX":0,"offY":0,"sourceW":70,"sourceH":70},
"acceptBtn":{"x":436,"y":196,"w":42,"h":44,"offX":0,"offY":0,"sourceW":42,"sourceH":44},
"star":{"x":480,"y":196,"w":30,"h":30,"offX":0,"offY":0,"sourceW":30,"sourceH":30},
"star1":{"x":175,"y":199,"w":30,"h":30,"offX":0,"offY":0,"sourceW":30,"sourceH":30}}}