{"file":"socialIcon.png","frames":{"arrow":{"x":2,"y":2,"w":69,"h":73},"douban":{"x":48,"y":146,"w":40,"h":46,"offX":15,"offY":16,"sourceW":70,"sourceH":70},"qq":{"x":2,"y":115,"w":44,"h":44,"offX":13,"offY":13,"sourceW":70,"sourceH":70},"qqweibo":{"x":90,"y":146,"w":36,"h":46,"offX":18,"offY":12,"sourceW":70,"sourceH":70},"qqzone":{"x":73,"y":2,"w":50,"h":48,"offX":10,"offY":10,"sourceW":70,"sourceH":70},"renren":{"x":2,"y":77,"w":56,"h":36,"offX":8,"offY":17,"sourceW":70,"sourceH":70},"sinaweibo":{"x":73,"y":52,"w":50,"h":46,"offX":10,"offY":12,"sourceW":70,"sourceH":70},"weixin":{"x":60,"y":100,"w":50,"h":44,"offX":10,"offY":17,"sourceW":70,"sourceH":70}}}